Gene	GMP_41_inf	GMP_42_inf	GMP_45_inf	cMOP_41_inf	cMOP_42_inf	cMOP_43_inf	cMOP_44_inf	cMOP_45_inf	Ly6Ch_41_inf	Ly6Ch_42_inf	Ly6Ch_43_inf	Ly6Ch_44_inf	Ly6Ch_45_inf	GMP_46_ctrl	cMOP_49_ctrl	cMOP_50_ctrl	cMOP_46_ctrl	cMOP_47_ctrl	cMOP_48_ctrl	GMP_50_ctrl	GMP_49_ctrl	Ly6Ch_46_ctrl	Ly6Ch_47_ctrl	Ly6Ch_48_ctrl	Ly6Ch_49_ctrl	Ly6Ch_50_ctrl
A2ml1	0	0	0	0	0.701638173	0	0.680609633	0	0	0	4.21174084	0.566917829	0.812440629	0	0	0	0.720078703	0.752450715	0	0	2.601845173	0	1.467841128	0	2.151122886	3.687977168
A3galt2	0	1.038019101	0	0	6.245449642	0	0	0	1.761416351	0	0	0	1.482984208	2.016428693	0	0	2.382657565	0	0	0	0	0	0	0	0	0
A4galt	0.609916215	3.484963583	0	2.200916184	2.866551455	0	1.291305693	0	5.913640544	3.366597775	0.860355971	1.737112365	3.319236263	0	1.009232532	3.505334005	0.735472617	4.996628692	6.144636367	5.117651546	2.573274905	5.234926488	2.784902697	4.733284027	0	7.53363822
AA386476	25.75536033	43.81497526	12.40164977	10.52366568	7.359777687	9.022168382	17.34377815	14.09109751	11.49725203	31.69682945	21.73254172	4.997986565	8.083861989	16.49735517	13.40640583	28.53085308	14.98105414	12.64320161	10.88364112	15.86305341	19.06054608	29.8152993	31.71464364	13.77337563	24.72500074	13.34390024
AA387200	6.099162153	1.161654528	0	0.880366474	7.883016502	3.179156967	5.165222771	1.785985865	0	5.610996291	0.860355971	6.369412006	0.829809066	2.256599633	2.018465063	4.506858007	4.4128357	1.427608198	3.41368687	5.117651546	4.503231084	1.308731622	8.354708091	2.028550297	4.394219609	3.76681911
AA413626	10.97849187	13.93985433	1.555925946	10.12421445	15.766033	12.71662787	8.393487002	8.036936392	23.65456218	16.83298887	3.441423883	15.63401129	4.149045329	6.769798898	4.036930127	2.003048003	3.677363083	5.710432791	24.57854547	6.397064433	6.433187262	10.46985298	15.31696483	8.790384622	6.591329414	0